aa	chrom	end	frame	length	nn	position	pvalue	start	stop_codon	strand	top	CDS (WormBase)	qualifier	
LIKVV*TENPIKHKKNKTEYSKLIKSKKYGNVNHSKYITTKEIPGTSKNDTSEEFKGVICSFFKSLTPSNKACANPINVTLVGPRRFCLLPN	MtDNA	2047	-1	277	GCTAATTAAAGTTGTATAAACAGAAAATCCAATTAAACATAAAAAAAATAAAACTGAATACTCAAAACTAATAAAATCAAAAAAATATGGTAACGTAAATCATTCTAAATATATTACAACAAAAGAAATTCCTGGTACAAGTAAAAATGATACTTCAGAGGAATTTAAGGGTGTTATTTGTTCTTTTTTTAAAAGTTTAACCCCATCCAATAAAGCTTGTGCTAATCCCATAAATGTAACCTTGGTGGGCCCTAGACGATTTTGTCTTCTTCCCAAT	MtDNA:1771..2047	1.10777514473075e-06	1771	1	-	57	0.00	no_qualifier	
YELRIKINNEKILNAIKIENLKNIAEESTLKKINLPYSLKNNKTKATLANSTLNPLTNSLSPSEKSNGARLSSAITIIKNGM	MtDNA	2458	-1	247	GTATGAACTACGAATAAAAATTAATAATGAAAAAATACTAAATGCTATAAAAATTGAAAATTTAAAAAATATAGCAGAAGAAAGTACCCTAAAAAAAATTAATCTTCCATATTCCCTTAAAAATAATAAAACAAAAGCTACTCTGGCAAACTCCACATTAAATCCTCTAACTAACTCCCTTTCACCTTCAGAAAAATCAAATGGCGCCCGGTTAAGTTCAGCAATTACTATAATTAAAAATGGGATG	MtDNA:2212..2458	5.83266958754347e-18	2212	0	-	70	0.00	no_qualifier	
TVTPLLNKIIVFNNGTPNGLTKCIPKGDQVSPNSCTGTRAASKNVQKIQKKNINSLNTNKITPNLNPSITKKLW*PLKPSIAISLPQAKEINNTENSVKINNSYSPNLKNITKDLNIPAEAKNKLYAYLE	MtDNA	6019	-1	391	TACTGTAACACCACTCCTTAATAAAATAATTGTATTTAATAACGGTACACCAAATGGATTAACTAAGTGCATTCCAAAAGGTGATCAAGTCTCTCCCAACTCGTGTACTGGTACTAGAGCAGCATCAAAAAATGTTCAAAAAATACAAAAGAAGAATATAAACTCCCTAAACACAAATAAAATTACTCCGAATTTAAACCCGTCTATAACGAAAAAATTATGGTAACCTCTTAAACCTTCTATAGCAATATCCTTACCTCAAGCAAAAGAAATAAATAACACAGAAAATAGTGTAAAAATAAATAATTCGTATAGTCCAAATTTAAAAAATATTACTAAAGATCTTAACATTCCGGCTGAGGCAAAAAATAAATTATATGCATACCTTGAA	MtDNA:5629..6019	1.65612163158067e-16	5629	1	-	52	0.00	no_qualifier	
IDNSKNIYNIIILLGIKKIIQINTKISDKINKLLFFSLITIIPKINNLITINKINLYESNTKNSPPHEKLLKIKNLNITVN	MtDNA	6730	-1	244	TATAGATAATTCAAAAAACATATATAATATTATTATATTACTAGGAATAAAAAAAATAATACAAATAAATACTAAAATTTCAGATAAAATCAATAAATTATTATTTTTTTCTCTAATAACAATAATACCTAAAATAAATAATCTTATAACAATCAATAAAATAAATCTATATGAATCTAATACTAAAAATAGTCCGCCTCATGAAAAATTATTAAAAATTAAAAACCTAAACATCACTGTAAAT	MtDNA:6487..6730	1	6487	0	-	46	0.00	no_qualifier	
LINILLEITKNSDKNDKEGGTPLFDKNTTENK	MtDNA	7477	-1	97	TCTAATTAATATACTATTAGAAATAACTAAAAATTCTGATAAAAATGACAAAGAAGGTGGTACACCCCTATTTGATAAAAATACAACTGAAAACAAA	MtDNA:7381..7477	1	7381	0	-	23	0.00	no_qualifier	
ILLLFEVSSLFFILKLINQNLNANTDKNIVKSKNRVKNLSYLKISLNEKIFTKNETLNGIFKNTNVVSQLIKL	MtDNA	4143	-2	220	TATTTTATTATTATTTGAAGTTTCTTCATTATTTTTCATTCTCAAGTTAATTAATCAAAATCTAAATGCCAATACAGATAAAAATATTGTAAAAAGCAAAAATAGAGTAAAGAATCTATCATATTTAAAAATTTCCCTCAATGAGAAAATTTTTACAAAAAATGAAACTCTAAATGGAATATTTAAAAATACTAATGTTGTTTCTCAATTAATAAAATTA	MtDNA:3924..4143	1	3924	0	-	67	0.00	no_qualifier	
LCKKIKCPNTITRIAHGNKKCNTKKNFNVAPVTPKPLQIQVTIVGPQIGITLKSLV	MtDNA	5022	-2	169	TCTGTGTAAAAAAATTAAATGCCCCAATACAATAACTAGAATAGCTCACGGCAATAAAAAATGTAATACAAAAAAGAATTTTAATGTTGCCCCTGTAACACCAAAACCTCTTCAAATTCAAGTAACAATAGTTGGCCCTCAAATTGGAATAACTCTTAAAAGTCTAGTA	MtDNA:4854..5022	0	4854	0	-	30	0.00	no_qualifier	
GLPPVLGSKNEVFKLRSVNNIVIAPAKTGRDKTSKNTVTNTVQTNKVICSNEIELLRKFLVVHIKLIPPKIDLNPAACKLKIAKSTLLPGCPIVLKGG*TVHLVPQPISTKQASKINNIDVGNNQNLKLFKRGNLISGAPNISGNNQLPKPPIIVGITIKKIIKIA*AVITELYNCPFLRKKPGLANSKRIN	MtDNA	8471	-3	577	AGGATTACCTCCAGTTCTTGGATCAAAAAATGAAGTATTTAAATTACGATCAGTTAACAACATAGTAATAGCCCCTGCTAAAACCGGTAGAGATAAAACCAGTAAAAACACTGTTACAAATACAGTTCAAACAAATAAAGTTATATGTTCTAATGAAATAGAACTTCTACGTAAATTTTTAGTAGTACACATAAAATTAATACCACCTAAGATAGATCTTAACCCTGCTGCATGTAAACTAAAAATAGCTAAATCTACTCTACTTCCAGGGTGCCCCATTGTTCTTAAAGGTGGGTAGACTGTTCACCTAGTCCCACAACCTATATCTACAAAACAAGCATCTAAAATTAATAATATAGATGTAGGTAATAACCAAAATCTTAAATTATTTAAACGTGGAAATCTTATATCAGGTGCTCCTAACATAAGTGGTAATAATCAGTTACCAAAACCACCGATTATAGTAGGTATTACCATAAAAAAAATTATTAAAATAGCATGAGCTGTAATAACTGAATTATACAACTGTCCATTCCTAAGAAAAAAACCTGGTTTAGCTAATTCTAAACGAATTAAT	MtDNA:7895..8471	0	7895	2	-	86	0.00	no_qualifier	
ISNLELDNTTPVNPPKVNKKIKPNTHNKSGLNTIFIPNNVANHLNTLTPVGTAITIVAAEK	MtDNA	8882	-3	184	AATATCCAATCTTGAATTAGATAATACAACACCTGTCAACCCACCTAAAGTAAACAAAAAAATAAAACCCAATACTCACAATAAAAGTGGATTAAATACCATTTTTATACCAAATAATGTAGCCAATCATCTAAACACTTTAACACCTGTTGGCACTGCAATAACTATAGTAGCAGCCGAAAAA	MtDNA:8699..8882	0	8699	0	-	46	0.00	no_qualifier	
KCSGKNVKFTPINNKINTADIISLSN	MtDNA	9077	-3	79	AAAATGTAGCGGGAAAAATGTTAAATTTACCCCAATAAATAATAAAATAAATACTGCAGATATCATAAGTTTATCTAAC	MtDNA:8999..9077	4.36837379909788e-07	8999	0	-	20	0.00	no_qualifier	
LSPRPKVTIEKPICESVLKATTFFKSSSTKLAKLEKNIVNRPIIRTKLIKSFCITKLLKFINRINPAVTKVLL	MtDNA	12437	-3	220	CCTAAGCCCTAGGCCCAAAGTAACTATTGAAAAACCTATTTGTGAAAGTGTCCTCAAGGCTACCACCTTCTTCAAATCTTCTTCGACCAAACTTGCTAAGCTAGAAAAAAATATAGTAAATAGGCCAATAATCAGAACAAAACTGATAAAATCTTTCTGTATTACTAAATTATTAAAATTTATTAATAGAATTAATCCTGCTGTAACTAAAGTTCTACTA	MtDNA:12218..12437	3.93533989291138e-11	12218	0	-	51	0.00	no_qualifier	
NSLNNIFKIKKDKKIIINKNTRGPKKSTYKKSLGMLRRLKFIHHKNLIEKITNTKLKKFI	MtDNA	12989	-3	181	TAACTCCTTAAATAATATTTTTAAAATTAAAAAAGATAAAAAAATTATTATAAATAAAAATACTAGAGGGCCAAAAAAATCTACGTATAAGAAAAGTCTTGGGATGTTAAGAAGATTAAAATTTATTCATCATAAAAATCTAATAGAAAAAATAACTAATACTAAACTTAAAAAATTTATA	MtDNA:12809..12989	1	12809	0	-	29	0.00	no_qualifier	
RIFLLITVVFILLNKSSKRYTRIFNYFVIQESLGLLFLLCRGGLLQFFIILLKIGVAPLHF*IFNVTNNIFNYGLMWFLTFQKLPFLTILLQIFWLRSVYILLFGLLICYVQIFVIKSYKNLLIISSTESFNWIVLGVFFSMFNTFYLFIYYFVLIVLLISKFSKTRGYNFIN*ETTLVFLNIPFRVSFFVKIFSLREIFKYDRFFTLFLLFTIFLSVLAFRF*LINLRMKNNEETSNNNK	MtDNA	4141	1	724	AGAATTTTTTTATTGATAACTGTAGTTTTTATTCTATTAAATAAAAGCAGCAAGAGATATACCAGAATTTTTAATTATTTTGTTATTCAAGAGTCTTTAGGTTTATTATTTCTTCTTTGTAGAGGAGGTCTATTACAATTTTTTATTATTTTATTGAAAATTGGTGTAGCACCGCTCCACTTTTGAATTTTTAATGTAACAAATAACATTTTTAATTATGGGCTAATGTGGTTTTTAACATTTCAAAAATTACCATTTTTAACTATTTTATTACAAATTTTTTGGTTAAGATCCGTGTATATTTTGTTATTTGGTTTATTGATTTGTTATGTTCAAATTTTTGTCATAAAAAGTTATAAAAATTTGTTAATTATTTCATCCACAGAGTCTTTTAATTGGATTGTTTTGGGAGTATTTTTTTCAATGTTTAATACATTTTATTTATTTATTTATTACTTTGTATTAATAGTTTTATTAATTTCTAAGTTTTCTAAAACTAGGGGTTATAATTTTATTAATTGAGAAACAACATTAGTATTTTTAAATATTCCATTTAGAGTTTCATTTTTTGTAAAAATTTTCTCATTGAGGGAAATTTTTAAATATGATAGATTCTTTACTCTATTTTTGCTTTTTACAATATTTTTATCTGTATTGGCATTTAGATTTTGATTAATTAACTTGAGAATGAAAAATAATGAAGAAACTTCAAATAATAATAAAA	MtDNA:3418..4141	0	3418	3	+	179	1.00	ID=CDS:MTCE.16;Parent=Transcript:MTCE.16;Name=MTCE.16;prediction_status=Confirmed;wormpep=WP:CE35347;locus=nduo-2||	
KRLRILGVLKINNRLLNFVNGMLVTLPSRKTLTLR*NFGSILGIVLIFQILTGTFLAFYYTPDRLIAFSTVQYIMYEVNFG*VFRIFHFNGARLFFIFLYLHIFKGLFFIRYRLKKV*MSGLTIYLLVIIEAFIGYVLV*AQIRF*AAVVITRLLRVIPI*GPTIVT*I*RGFGVTGATLKFFFVLHFLLP*AILVIVLGHLIFLHRTGRTSRLYCHGDYDKVCFRPEYLGKDAYNIVI*LLFIVLRLIYPFNLGDAEMFIEADPIMRPVHIVPE*YFLFAYAILRAIPNKVLGVIALLIRIVTFYFFALVNNYTSCLTKLNKFLVFIFIISSTILR*LGQCTVEDPFTILRPLFSFIYFGLAYLILFIFIRS	MtDNA	5521	1	1120	AAGAGGCTAAGAATATTAGGAGTATTGAAAATTAATAATAGATTATTAAATTTTGTTAATGGGATGTTGGTGACATTGCCATCTAGAAAAACTTTAACATTAAGATGAAATTTTGGTAGTATATTGGGTATAGTTTTAATCTTTCAGATTTTAACAGGTACATTTTTAGCATTTTATTATACGCCCGATAGGTTAATAGCATTTTCAACAGTGCAGTATATTATGTATGAGGTAAATTTTGGATGAGTATTTCGAATTTTTCATTTTAATGGGGCCAGGTTATTTTTTATTTTTTTGTATTTACATATTTTTAAAGGGTTATTTTTTATAAGATATCGTTTAAAAAAAGTATGAATGTCTGGTTTAACAATTTATTTATTAGTAATAATAGAAGCTTTTATAGGTTATGTTTTAGTTTGAGCTCAAATAAGATTTTGAGCAGCAGTAGTTATTACTAGACTTTTAAGAGTTATTCCAATTTGAGGGCCAACTATTGTTACTTGAATTTGAAGAGGTTTTGGTGTTACAGGGGCAACATTAAAATTCTTTTTTGTATTACATTTTTTATTGCCGTGAGCTATTCTAGTTATTGTATTGGGGCATTTAATTTTTTTACACAGAACTGGTAGAACATCTAGGTTATATTGCCACGGTGATTATGATAAAGTTTGTTTTAGACCTGAGTACTTAGGTAAAGATGCTTATAATATTGTTATTTGATTATTATTTATTGTGTTAAGGTTGATTTACCCGTTTAATTTAGGTGATGCAGAGATGTTTATTGAAGCTGACCCTATAATGAGGCCAGTTCATATTGTTCCAGAGTGATATTTTTTATTTGCTTATGCAATTTTGCGTGCTATTCCAAATAAAGTCTTAGGGGTAATTGCTTTATTAATAAGGATCGTAACATTTTATTTTTTTGCTTTAGTTAATAATTATACCTCTTGTTTAACCAAATTAAATAAATTTTTAGTATTTATATTTATTATCTCATCTACTATTTTAAGATGACTAGGTCAATGCACTGTAGAAGACCCTTTTACAATTTTAAGACCTTTATTTTCTTTTATTTATTTTGGTTTAGCTTATTTAATATTGTTTATTTTTATAAGAAGTA	MtDNA:4402..5521	0	4402	12	+	635	0.91	ID=CDS:MTCE.21;Parent=Transcript:MTCE.21;Name=MTCE.21;prediction_status=Partially_confirmed;wormpep=WP:CE35348;locus=ctb-1||	
NFFQGYNLLFQHSLFASYID*FHRFNCSLLLGVLVFVTLLFGYLIFGTFYFKRKKIEYQFGELLCSIFPTIILLIQIVPSLRLLYYYGLINLDRNLTVKVTGHQ*Y*RYEYRDIPGLEFDSYIKSLDQLSLGEPRLLEVDNRCVIPCDTNIRFCITSADVIHAWALNSLSVKLDAIRGILRTFSYRFPIVGVFYGQCSEICGANHSFIPIALEVTLLDNFKR	MtDNA	10243	1	667	AATTTTTTTCAAGGATATAATTTACTATTTCAGCATAGTTTATTTGCTAGTTATATAGATTGATTTCATAGGTTTAATTGTAGTTTATTGTTGGGAGTTTTAGTGTTTGTTACTTTATTGTTTGGATATTTAATTTTTGGTACTTTTTATTTTAAAAGAAAAAAAATTGAGTATCAGTTTGGTGAATTATTGTGTAGTATTTTTCCAACTATTATTTTATTAATACAAATAGTTCCTTCACTTAGGCTTTTATATTATTACGGATTAATAAATTTAGATAGAAATTTAACAGTTAAGGTTACAGGACATCAGTGATATTGAAGATATGAATATAGAGATATTCCTGGGTTAGAATTTGACTCTTATATAAAATCACTAGATCAATTAAGTTTAGGTGAACCACGTTTATTAGAAGTTGATAATCGTTGTGTTATTCCTTGTGATACTAACATTCGTTTTTGTATTACATCTGCTGATGTTATTCATGCTTGGGCATTAAATTCTTTATCTGTAAAATTAGATGCTATAAGAGGAATTTTAAGAACATTTAGTTACAGGTTTCCTATAGTGGGAGTTTTTTATGGTCAATGTTCAGAGATTTGTGGAGCAAATCATAGTTTTATACCAATTGCTTTAGAGGTAACATTATTGGATAATTTTAAAAGAT	MtDNA:9577..10243	0	9577	3	+	1288	0.89	ID=CDS:MTCE.31;Parent=Transcript:MTCE.31;Name=MTCE.31;prediction_status=Partially_confirmed;wormpep=WP:CE35351;locus=ctc-2||ID=CDS:MTCE.31;Parent=Transcript:MTCE.31;Name=MTCE.31;prediction_status=Partially_confirmed;wormpep=WP:CE35351;locus=ctc-2||	
VLNFKDFEIFILVLLIVLVFTLVLLFAFYLINFLLRIKDIGKNKIRAFECGFVRVGKIQNSFRIHFFIMILIFVIFDLEIVMFLGILVSDLSSYIRFLIIFIFILGGFYIE**YGK	MtDNA	11596	1	349	GTTTTAAACTTTAAAGATTTTGAAATCTTTATTTTAGTGCTATTAATAGTTTTAGTGTTTACGCTAGTTTTATTATTTGCTTTTTATTTGATTAATTTTTTATTAAGAATTAAGGATATAGGAAAAAATAAAATTAGAGCGTTTGAATGTGGTTTTGTAAGAGTTGGAAAAATTCAAAATTCTTTTAGAATTCATTTTTTTATTATGATATTGATATTTGTTATTTTTGATTTAGAAATTGTTATGTTTTTAGGTATTTTAGTATCAGATTTAAGTTCGTATATCAGGTTTTTAATAATATTCATCTTCATCTTGGGAGGATTTTACATAGAGTGATGATATGGTAAAT	MtDNA:11248..11596	0	11248	2	+	666	0.69	ID=CDS:MTCE.34;Parent=Transcript:MTCE.34;Name=MTCE.34;prediction_status=Confirmed;wormpep=WP:CE35352;locus=nduo-3||	
VFFVLAVLSRIIRYINIDPIKRSFFLIFSLLFSIPVISMRIHIWFSYFICLLFLSGIFVILVYFSSLSKINVVKSYIAVFLLLLRMLYFSPTVLTYRRYLGLRGFYYSIYWFIFCFILVCLLFFINFSSYFLNFSGALRKV	MtDNA	467	2	424	GTGTTTTTTGTTTTAGCTGTTTTAAGTAGGATTATTAGATATATTAATATTGACCCTATAAAAAGAAGTTTTTTTCTTATCTTTTCACTACTTTTTAGTATACCAGTTATTTCAATGAGAATACATATTTGGTTTTCTTACTTTATTTGTTTATTATTTTTAAGTGGTATTTTTGTTATTTTGGTATATTTTTCTAGTTTATCTAAAATTAATGTAGTGAAAAGTTATATAGCTGTGTTTTTACTTTTGTTAAGAATGTTATATTTTTCTCCCACAGTATTAACTTATAGAAGATATTTAGGTTTAAGAGGTTTTTATTATAGTATTTACTGGTTTATTTTTTGTTTTATTTTAGTATGTTTATTATTTTTTATAAATTTTAGTAGTTATTTTTTAAATTTTTCAGGTGCTTTACGTAAAGTTT	MtDNA:44..467	0	44	0	+	155	0.84	ID=CDS:MTCE.3;Parent=Transcript:MTCE.3;Name=MTCE.3;prediction_status=Confirmed;wormpep=WP:CE34072;locus=nduo-6||	
LLLLIILVLLIVILMMIFIVQRIAFITLYERHLLGRRQNRLGPTKVTFMGLAQALLDGVKLLKKEQITPLNSSEVSFLLVPGISFVVIYLE*FTLPYFFDFISFEYSVLFFLCLIGFSVYTTLISGIVRKSKYGIIGAIRARRQRISYEIAFSLYVLCIIIHNNVFNFVSKFNLRLLIIYIPFLIIVIAELNRAPFDFSEGERELVRGFNVEFARVAFVLLFLREYGRLIFFRVLSSAIFFKFSIFIAFSIFSLLIFIRSSYPRYRYDLIISLF*FKLLPISLIILCFYAVIFYY	MtDNA	2558	2	886	TTATTGCTCTTGATAATTTTAGTTTTACTTATAGTTATTTTAATGATGATTTTTATTGTTCAAAGAATCGCTTTTATTACTCTATATGAGCGTCATTTATTGGGAAGAAGACAAAATCGTCTAGGGCCCACCAAGGTTACATTTATGGGATTAGCACAAGCTTTATTGGATGGGGTTAAACTTTTAAAAAAAGAACAAATAACACCCTTAAATTCCTCTGAAGTATCATTTTTACTTGTACCAGGAATTTCTTTTGTTGTAATATATTTAGAATGATTTACGTTACCATATTTTTTTGATTTTATTAGTTTTGAGTATTCAGTTTTATTTTTTTTATGTTTAATTGGATTTTCTGTTTATACAACTTTAATTAGCGGTATCGTAAGAAAATCAAAATATGGTATAATTGGGGCCATCCGTGCTAGAAGACAAAGAATTTCTTATGAAATTGCTTTTTCTTTATATGTTTTGTGTATTATTATTCATAATAATGTTTTTAATTTTGTTTCAAAATTTAATTTGAGACTTTTAATTATTTACATCCCATTTTTAATTATAGTAATTGCTGAACTTAACCGGGCGCCATTTGATTTTTCTGAAGGTGAAAGGGAGTTAGTTAGAGGATTTAATGTGGAGTTTGCCAGAGTAGCTTTTGTTTTATTATTTTTAAGGGAATATGGAAGATTAATTTTTTTTAGGGTACTTTCTTCTGCTATATTTTTTAAATTTTCAATTTTTATAGCATTTAGTATTTTTTCATTATTAATTTTTATTCGTAGTTCATACCCTCGTTATCGTTATGATTTAATAATAAGTTTATTTTGATTTAAACTTTTACCAATCTCTTTAATTATATTGTGTTTTTACGCAGTTATTTTTTATTATT	MtDNA:1673..2558	0	1673	2	+	973	0.90	ID=CDS:MTCE.11;Parent=Transcript:MTCE.11;Name=MTCE.11;prediction_status=Confirmed;wormpep=WP:CE34065;locus=nduo-1||	
IFHNFHILRLSRYAYNLFFASAGMLRSLVIFFKFGLYELFIFTLFSVLFISFA*GKDIAIEGLRGYHNFFVIDGFKFGVILFVFREFIFFFCIF*TFFDAALVPVHELGET*SPFGMHLVNPFGVPLLNTIILLRSGVTVT*AHHRLLRNKRCTNSIILTCLLAAYFTGIQLIEYIEARFSIADGVFGRIFYLSTGFHGIHVLCGGLFLAFNFLRLLKNHFNYNHHLGLEFAILY*HFVDVV*LFLFVFVY	MtDNA	6353	2	754	ATATTTCATAATTTTCATATTTTAAGACTTTCAAGGTATGCATATAATTTATTTTTTGCCTCAGCCGGAATGTTAAGATCTTTAGTAATATTTTTTAAATTTGGACTATACGAATTATTTATTTTTACACTATTTTCTGTGTTATTTATTTCTTTTGCTTGAGGTAAGGATATTGCTATAGAAGGTTTAAGAGGTTACCATAATTTTTTCGTTATAGACGGGTTTAAATTCGGAGTAATTTTATTTGTGTTTAGGGAGTTTATATTCTTCTTTTGTATTTTTTGAACATTTTTTGATGCTGCTCTAGTACCAGTACACGAGTTGGGAGAGACTTGATCACCTTTTGGAATGCACTTAGTTAATCCATTTGGTGTACCGTTATTAAATACAATTATTTTATTAAGGAGTGGTGTTACAGTAACTTGAGCACATCACAGATTACTTAGAAATAAAAGATGTACTAATAGTATAATTTTAACATGTTTATTGGCAGCTTATTTTACAGGAATTCAATTAATAGAGTATATAGAAGCTAGATTTTCTATTGCAGACGGAGTATTTGGAAGGATTTTTTATTTATCTACGGGATTTCACGGAATTCATGTCTTGTGTGGTGGTTTGTTCTTAGCATTTAATTTTTTACGTCTTCTAAAAAATCATTTTAATTATAATCATCATCTGGGGTTGGAATTTGCTATTTTATATTGACATTTTGTTGATGTAGTGTGATTATTTTTATTTGTGTTTGTTTATT	MtDNA:5600..6353	0	5600	6	+	772	0.92	ID=CDS:MTCE.23;Parent=Transcript:MTCE.23;Name=MTCE.23;prediction_status=Confirmed;wormpep=WP:CE34069;locus=ctc-3||ID=CDS:MTCE.21;Parent=Transcript:MTCE.21;Name=MTCE.21;prediction_status=Partially_confirmed;wormpep=WP:CE35348;locus=ctb-1||	
VMFRFLIFNNFS*GGLFLVLDSYRFILLIVIRLFILGIIVIREKNNNLLILSEILVFICIIFFIPSNIIILYMFFELSIFPILVIILGYGSQIEKINSSYYLIFYAAFCSFPFLFVYFKSNFLLVFTYYNFVIS*EIFFILSLRFIIKFPIYFLHL*LPKAHVEAPTTARILLAGLLLKLGTAGFLRILGSLRFVHNNV*ILIAFLGIILGSFCCVFQRDSKALAAYSSVTHIRFLLLSLVFITMSSKIRRVMLMLAHGYTSTLMFYLIGEFYHTSGRRIIYFISRFFRSRIIIGILFSVVFLSNRGVPPSLSFLSEFLVISNSILIRKSIFVIIFIYFVVSFYYSLFLITRSLIGKGYHNFNT*NVGFSAPLVLIIYNV	MtDNA	7634	2	1141	GTGATGTTTAGGTTTTTAATTTTTAATAATTTTTCATGAGGCGGACTATTTTTAGTATTAGATTCATATAGATTTATTTTATTGATTGTTATAAGATTATTTATTTTAGGTATTATTGTTATTAGAGAAAAAAATAATAATTTATTGATTTTATCTGAAATTTTAGTATTTATTTGTATTATTTTTTTTATTCCTAGTAATATAATAATATTATATATGTTTTTTGAATTATCTATATTTCCAATTTTGGTTATAATTCTAGGTTATGGTTCTCAAATTGAAAAAATTAACTCCTCTTATTATTTAATATTTTATGCAGCTTTTTGTTCATTCCCATTTTTATTTGTATATTTTAAGAGTAATTTTTTATTGGTTTTTACTTACTATAATTTTGTTATTTCTTGAGAAATATTTTTTATTCTTAGTTTAAGATTTATAATAAAATTTCCAATTTATTTTTTACATCTTTGATTACCTAAAGCTCATGTAGAGGCTCCTACAACAGCTAGAATACTTTTAGCTGGATTACTATTAAAATTAGGCACAGCGGGATTTTTACGTATTTTAGGTAGTTTAAGATTTGTACACAACAATGTATGAATTTTAATTGCATTTTTAGGGATAATTTTAGGATCTTTTTGTTGTGTGTTTCAAAGAGATTCAAAGGCTTTAGCAGCTTATTCTTCAGTCACTCATATAAGGTTTTTATTATTATCACTGGTATTTATCACAATGAGTAGTAAAATTAGAAGAGTTATGCTTATGCTAGCACACGGTTATACATCTACACTTATGTTTTACCTTATTGGTGAATTTTATCATACATCTGGGAGGCGTATAATTTATTTTATAAGTAGATTTTTTAGATCTAGAATAATTATAGGTATTTTGTTTTCAGTTGTATTTTTATCAAATAGGGGTGTACCACCTTCTTTGTCATTTTTATCAGAATTTTTAGTTATTTCTAATAGTATATTAATTAGAAAAAGTATATTTGTAATAATTTTTATTTATTTTGTAGTATCTTTTTACTATTCTTTATTTTTGATTACAAGATCTTTAATAGGAAAAGGTTACCATAATTTTAATACTTGAAATGTAGGGTTTTCAGCACCATTAGTCTTAATAATATATAATGTAT	MtDNA:6494..7634	0	6494	5	+	3310	0.99	ID=CDS:MTCE.25;Parent=Transcript:MTCE.25;Name=MTCE.25;prediction_status=Partially_confirmed;wormpep=WP:CE35349;locus=nduo-4||	
YCQTIYTLFNRKKRSFWCFGYSLCNFKNWFNWLCSMSSPYVYSRYRFGFTCLFF	MtDNA	8705	2	163	TATTGTCAGACAATCTACACTTTATTTAACAGGAAAAAAAGAAGTTTTTGGTGCTTTGGGTATAGTTTATGCAATTTTAAGAATTGGTTTAATTGGTTGTGTAGTATGAGCTCACCATATGTATACAGTAGGTATAGATTTGGATTCACGTGCTTATTTTTCG	MtDNA:8543..8705	0	8543	0	+	28	1.00	ID=CDS:MTCE.26;Parent=Transcript:MTCE.26;Name=MTCE.26;prediction_status=Confirmed;wormpep=WP:CE35350;locus=ctc-1||	
FLFVRLFIFIFK*QRLIFILISLEFIMLRLFLKFSYVLGEIMFFYFMCFSVISRILGMVVIVGNIKFFGSD	MtDNA	690	3	214	TTTTTATTTGTTAGATTATTTATATTTATTTTTAAATGACAACGTTTAATTTTTATTCTAATTTCTTTAGAATTTATAATGTTGAGATTATTTTTAAAATTTTCTTATGTTTTAGGGGAAATAATGTTTTTTTATTTTATGTGTTTTTCTGTTATTTCAAGAATCCTGGGTATGGTAGTTATAGTAGGTAATATAAAATTTTTTGGTAGTGATA	MtDNA:477..690	0	477	1	+	47	0.98	ID=CDS:MTCE.4;Parent=Transcript:MTCE.4;Name=MTCE.4;prediction_status=Confirmed;wormpep=WP:CE35354;locus=ndfl-4||ID=CDS:MTCE.3;Parent=Transcript:MTCE.3;Name=MTCE.3;prediction_status=Confirmed;wormpep=WP:CE34072;locus=nduo-6||	
CVFTQLFFIINQVYFLDIFIFVFVLQFLFYFKESILNTLVKKFLNRLVGVFRYTNTLPLRSVISIFTFIVLLTCCFGGYFTYSFCPCGMVEFTFVYAAVA*LSTLLTFISREKFSVYIRKPGDTYLKTLRMLLIEIVREFSRPLALTVRLTVNITVGHLVRIMLYQGLELRIGDQYI*LSILAIIIECFVFFIQSYIFSRLIFLYLNE	MtDNA	3153	3	625	TGTGTTTTTACGCAGTTATTTTTTATTATTAATCAAGTTTATTTTTTAGACATTTTTATATTTGTTTTTGTTTTACAATTTTTGTTTTATTTTAAAGAAAGTATATTAAATACTTTAGTGAAAAAATTTCTTAATAGGTTAGTAGGAGTATTTAGATATACAAATACTTTACCATTAAGGTCAGTAATTTCTATTTTTACTTTTATTGTTCTTTTAACTTGTTGTTTTGGAGGTTATTTTACTTACTCTTTTTGTCCTTGTGGAATGGTTGAATTTACTTTTGTTTATGCTGCTGTAGCGTGATTAAGTACTTTGTTAACTTTTATTTCAAGAGAAAAATTTTCAGTTTATATAAGAAAACCAGGAGACACATATTTGAAAACTCTTAGAATGCTATTAATTGAAATCGTTAGAGAATTTTCTCGTCCACTTGCTTTAACAGTGCGTTTAACAGTTAATATTACTGTTGGTCATTTAGTTAGAATAATGCTTTATCAAGGATTAGAATTAAGAATAGGTGATCAGTATATTTGATTATCAATTTTAGCCATTATAATAGAATGTTTTGTTTTCTTCATTCAAAGTTATATTTTCTCTCGTTTAATTTTTTTATATCTTAATGAGT	MtDNA:2529..3153	0	2529	2	+	619	1.00	ID=CDS:MTCE.11;Parent=Transcript:MTCE.11;Name=MTCE.11;prediction_status=Confirmed;wormpep=WP:CE34065;locus=nduo-1||ID=CDS:MTCE.12;Parent=Transcript:MTCE.12;Name=MTCE.12;prediction_status=Confirmed;wormpep=WP:CE35346;locus=atp-6||	
YKKYQGGLAV*LERSNHKDIGTLYFIFGL*SGMVGTRFSLLIRLELAKPGFFLRNGQLYNSVITAHAILIIFFMVIPTIIGGFGN*LLPLMLGAPDIRFPRLNNLRFWLLPTSILLILDACFVDIGCGTR*TVYPPLRTMGHPGSRVDLAIFSLHAAGLRSILGGINFMCTTKNLRRSSISLEHITLFV*TVFVTVFLLVLSLPVLAGAITMLLTDRNLNTSFFDPRTGGNPLIYQHLF*FFGHPEVYILILPAFGIVRQSTLYLTGKKEVFGALGIVYAILRIGLIGCVV*AHHMYTVGIDLDSRAYFSAATIVIAVPTGVKVFR*LATLFGIKMVFNPLLL*VLGFIFLFTLGGLTGVVLSNSRLDIILHDTYYVVRHFHYVLSLGAVFGIFTGVTL**RFITGYVLDKLMISAVFILLFIGVNLTFFPLHFAGLHGFPRKYLDYPDVYSV*NIIASYGSIIRTAGLFLFIYVLLESFFSYRLVIRDYYSNRRPEYCMSNYVFGHSYQSEIYFRTTRL	MtDNA	9336	3	1561	TATAAAAAATATCAAGGAGGATTGGCAGTTTGATTAGAGAGATCTAATCATAAAGATATCGGAACTCTTTATTTTATTTTTGGACTTTGATCTGGTATGGTTGGTACTAGATTTTCTTTATTAATTCGTTTAGAATTAGCTAAACCAGGTTTTTTTCTTAGGAATGGACAGTTGTATAATTCAGTTATTACAGCTCATGCTATTTTAATAATTTTTTTTATGGTAATACCTACTATAATCGGTGGTTTTGGTAACTGATTATTACCACTTATGTTAGGAGCACCTGATATAAGATTTCCACGTTTAAATAATTTAAGATTTTGGTTATTACCTACATCTATATTATTAATTTTAGATGCTTGTTTTGTAGATATAGGTTGTGGGACTAGGTGAACAGTCTACCCACCTTTAAGAACAATGGGGCACCCTGGAAGTAGAGTAGATTTAGCTATTTTTAGTTTACATGCAGCAGGGTTAAGATCTATCTTAGGTGGTATTAATTTTATGTGTACTACTAAAAATTTACGTAGAAGTTCTATTTCATTAGAACATATAACTTTATTTGTTTGAACTGTATTTGTAACAGTGTTTTTACTGGTTTTATCTCTACCGGTTTTAGCAGGGGCTATTACTATGTTGTTAACTGATCGTAATTTAAATACTTCATTTTTTGATCCAAGAACTGGAGGTAATCCTCTTATTTATCAACATTTGTTTTGATTTTTTGGTCATCCTGAAGTATATATTTTGATTTTACCAGCTTTTGGTATTGTCAGACAATCTACACTTTATTTAACAGGAAAAAAAGAAGTTTTTGGTGCTTTGGGTATAGTTTATGCAATTTTAAGAATTGGTTTAATTGGTTGTGTAGTATGAGCTCACCATATGTATACAGTAGGTATAGATTTGGATTCACGTGCTTATTTTTCGGCTGCTACTATAGTTATTGCAGTGCCAACAGGTGTTAAAGTGTTTAGATGATTGGCTACATTATTTGGTATAAAAATGGTATTTAATCCACTTTTATTGTGAGTATTGGGTTTTATTTTTTTGTTTACTTTAGGTGGGTTGACAGGTGTTGTATTATCTAATTCAAGATTGGATATTATTTTACATGATACTTATTATGTAGTTAGACATTTTCATTATGTTTTAAGTTTAGGAGCTGTTTTTGGGATTTTCACGGGTGTTACACTATGATGAAGATTTATTACAGGGTATGTGTTAGATAAACTTATGATATCTGCAGTATTTATTTTATTATTTATTGGGGTAAATTTAACATTTTTCCCGCTACATTTTGCAGGACTACACGGGTTCCCACGTAAATATTTAGATTACCCTGATGTTTATTCGGTATGAAATATTATTGCCTCTTATGGTTCTATTATTAGAACTGCAGGACTATTCTTATTTATTTATGTATTATTAGAGTCTTTCTTTAGTTATCGTTTAGTAATTAGAGATTATTATTCTAATAGAAGACCTGAGTATTGTATGAGTAATTATGTATTTGGTCACAGTTATCAGTCTGAGATTTATTTTAGAACTACTAGATTAA	MtDNA:7776..9336	0	7776	12	+	659	0.96	ID=CDS:MTCE.26;Parent=Transcript:MTCE.26;Name=MTCE.26;prediction_status=Confirmed;wormpep=WP:CE35350;locus=ctc-1||	
SNLINISIFLIGFVFFIGGISVWLIPTFKLGIFFLE*DFLRLKFNFYFNRILFSFILFLVTFRVLVFSTYYLNSELNFNYYYFVLLIFVGRMFRLNFRNSIFTMLLR*DLLGISRFFLVLFYNN*DRCRGAINTALTNRLGDYFIFVFFGLSVFRGYYFLRFRIFRSYISLLLLLTAFTKRAQFPFRSWLPKAIRAPTPVRSLVHSRTLVTAGLILLINFNNLVIQKDFISFVLIIGLFTIFFSSLASLVEEDLKKVVALRTLSQIGFSIVTLGLGLRFISFIHLVRHALFKRCLFIQVGYIIHCSFGQQDGRNYRNNGNLPNFIQLQILVTLFCLCGLIFSRGAVRKDFILELFFSNNYIMFFRLIFFVSVFLTFGYSFRL*KRFFLRFNKVINHYSSTVFINFLSLVLVIFSIRFL**INFNLLNIPRLFLYVDFFGPLVFLFIIIFLSFLILKILFKELIYKFLVDYLAKNSIYKIKNLKFIDLFLNNINSKGYTLFLSSGIFKNYYLKRLNFNSVVVLI	MtDNA	13173	3	1570	AGTAATTTAATTAATATTTCTATTTTTTTGATTGGATTTGTTTTTTTTATAGGTGGAATTAGTGTTTGGCTTATACCCACATTTAAATTAGGAATCTTTTTTTTAGAATGAGATTTTTTAAGGTTAAAATTTAATTTTTATTTTAATAGAATCTTATTTTCGTTTATTCTTTTTTTGGTAACGTTTAGAGTTTTAGTTTTTAGTACTTATTATTTAAATAGTGAGTTAAACTTTAATTATTATTATTTTGTATTGTTAATTTTCGTAGGTAGAATGTTTAGGCTAAATTTTAGAAACAGTATTTTTACAATGTTACTAAGATGAGATTTATTGGGTATTTCTAGGTTTTTTTTAGTTTTATTTTATAATAATTGAGATAGATGTAGGGGTGCAATAAATACAGCATTAACTAATCGTCTAGGTGATTATTTTATATTTGTCTTTTTTGGTTTATCGGTTTTTAGAGGTTATTATTTTTTAAGATTTAGAATATTTAGAAGTTATATATCTTTATTATTACTTTTAACAGCTTTTACTAAAAGAGCACAATTTCCATTTAGATCTTGGTTACCCAAAGCTATAAGAGCCCCCACACCGGTGAGGTCTTTGGTTCATAGTAGAACTTTAGTTACAGCAGGATTAATTCTATTAATAAATTTTAATAATTTAGTAATACAGAAAGATTTTATCAGTTTTGTTCTGATTATTGGCCTATTTACTATATTTTTTTCTAGCTTAGCAAGTTTGGTCGAAGAAGATTTGAAGAAGGTGGTAGCCTTGAGGACACTTTCACAAATAGGTTTTTCAATAGTTACTTTGGGCCTAGGGCTTAGGTTTATTTCATTTATTCATTTAGTTAGACATGCTTTGTTCAAAAGATGTTTATTTATACAAGTAGGTTACATTATTCATTGTTCATTTGGACAACAAGATGGACGTAATTATAGGAATAATGGTAATTTACCAAATTTTATTCAGTTACAAATATTAGTAACCCTATTTTGTTTATGTGGATTAATTTTCTCAAGGGGTGCTGTAAGAAAAGATTTTATTTTAGAATTATTTTTTTCTAATAACTATATAATGTTTTTTAGATTAATATTTTTTGTTTCAGTGTTTTTGACTTTTGGTTACAGTTTTCGTCTTTGAAAAAGATTTTTTTTAAGGTTTAATAAAGTAATAAATCATTACAGTAGCACAGTATTTATAAATTTTTTAAGTTTAGTATTAGTTATTTTTTCTATTAGATTTTTATGATGAATAAATTTTAATCTTCTTAACATCCCAAGACTTTTCTTATACGTAGATTTTTTTGGCCCTCTAGTATTTTTATTTATAATAATTTTTTTATCTTTTTTAATTTTAAAAATATTATTTAAGGAGTTAATATACAAGTTTTTAGTTGATTATTTGGCTAAAAATAGTATTTATAAAATAAAGAATTTAAAATTTATAGATTTATTTTTAAATAATATTAATTCTAAGGGGTACACCTTATTTTTAAGCAGTGGTATATTTAAAAATTACTATTTAAAAAGGTTAAATTTTAATAGTGTAGTAGTTTTAATTT	MtDNA:11604..13173	0	11604	6	+	4240	1.00	ID=CDS:MTCE.34;Parent=Transcript:MTCE.34;Name=MTCE.34;prediction_status=Confirmed;wormpep=WP:CE35352;locus=nduo-3||ID=CDS:MTCE.35;Parent=Transcript:MTCE.35;Name=MTCE.35;prediction_status=Confirmed;wormpep=WP:CE35353;locus=nduo-5||	
